date_time,magnitude,depth,latitude,longitude,sig,tsunami
5/5/1995 3:53,7.1,16,12.626,125.297,776,0
5/13/1995 8:47,6.6,14,40.149,21.695,670,0
5/14/1995 11:33,6.9,11.2,-8.378,125.127,732,0
5/16/1995 20:12,7.7,20.2,-23.008,169.9,912,0
5/27/1995 13:03,7.1,11,52.629,142.827,776,0
6/15/1995 0:15,6.5,14.2,38.401,22.283,650,0
6/29/1995 12:24,6.6,139.4,-19.544,169.287,670,0
7/11/1995 21:46,6.8,12.5,21.966,99.196,711,0
7/30/1995 5:11,8,45.6,-23.34,-70.294,985,0
8/14/1995 4:37,6.7,127.9,-4.836,151.515,691,0
8/16/1995 10:27,7.7,30.1,-5.799,154.178,912,0
8/16/1995 16:24,6.6,18.7,-5.429,153.773,670,0
8/16/1995 23:10,7.2,33,-5.771,154.347,798,0
8/19/1995 21:43,6.6,119.6,5.139,-75.577,670,0
8/28/1995 10:46,6.6,12.2,26.092,-110.284,670,0
9/14/1995 14:04,7.4,23,16.779,-98.597,842,0
9/23/1995 22:31,6.5,59.9,-10.68,-78.581,650,0
10/3/1995 1:51,7,24.4,-2.75,-77.881,754,0
10/3/1995 12:44,6.5,16.7,-2.778,-77.851,650,0
10/6/1995 18:09,6.8,33,-2.045,101.436,711,0
10/9/1995 15:35,8,33,19.055,-104.205,985,0
10/18/1995 10:37,7.1,28.4,27.929,130.175,776,0
10/19/1995 2:41,6.8,19.7,28.094,130.148,711,0
10/21/1995 2:38,7.2,159.3,16.84,-93.469,798,0
11/1/1995 0:35,6.7,19.9,-28.906,-71.417,691,0
11/22/1995 4:15,7.2,10,28.826,34.799,798,0
12/3/1995 18:01,7.9,33,44.663,149.3,960,0
12/19/1995 23:28,6.5,63.4,-3.703,140.233,650,0
12/25/1995 4:43,7.1,141.9,-6.903,129.151,776,0
1/1/1996 8:05,7.9,24,0.729,119.931,960,0
1/1/1996 9:57,6.6,33,53.826,159.586,670,0
2/3/1996 11:14,6.6,11.1,27.291,100.276,670,0
2/7/1996 21:36,7.2,42.6,45.324,149.892,798,0
2/16/1996 15:22,6.7,40.8,37.353,142.38,691,0
2/17/1996 5:59,8.09,33,-0.891,136.952,1007,0
2/17/1996 14:21,6.5,19.2,-0.567,135.84,650,0
2/17/1996 20:18,6.5,31.9,-0.917,136.225,650,0
2/21/1996 12:51,7.5,10,-9.593,-79.587,865,0
2/25/1996 3:08,7.1,21.1,15.978,-98.07,776,0
3/3/1996 14:55,6.6,33,11.657,-86.856,670,0
3/3/1996 16:37,6.7,33,11.905,-86.772,691,0
3/17/1996 14:48,6.7,164.4,-14.705,167.297,691,0
4/19/1996 0:19,6.6,49.5,-23.944,-70.093,670,0
4/29/1996 14:40,7.2,44,-6.518,154.999,798,0
6/10/1996 1:04,6.7,200.1,-13.481,167.13,691,0
6/10/1996 4:03,7.9,33,51.564,-177.632,960,0
6/10/1996 15:24,7.3,26.3,51.478,-176.847,820,0
6/11/1996 18:22,7.1,33,12.614,125.154,776,0
6/17/1996 11:22,7.9,587.3,-7.137,122.589,960,0
7/15/1996 21:23,6.8,18.3,17.6,-100.965,711,0
7/16/1996 10:07,6.6,33,1.016,120.254,670,0
7/22/1996 14:19,7,33,1,120.45,754,0
8/2/1996 12:55,6.9,33,-10.769,161.445,732,0
9/5/1996 23:42,6.8,20,21.898,121.498,711,0
9/20/1996 4:10,6.6,33,9.463,126.284,670,0
9/20/1996 4:11,6.6,33,9.454,126.334,670,0
10/9/1996 13:10,6.8,33,34.556,32.126,711,0
10/14/1996 23:26,6.8,24,-7.133,155.568,711,0
10/18/1996 10:50,6.6,10,30.568,131.093,670,0
10/19/1996 14:44,6.7,22,31.885,131.468,691,0
11/12/1996 16:59,7.7,33,-14.993,-75.675,912,0
11/19/1996 10:44,6.9,33,35.345,78.133,732,0
12/2/1996 22:17,6.7,49.2,31.789,131.314,691,0
12/22/1996 14:53,6.5,226.5,43.207,138.92,650,0
1/11/1997 20:28,7.2,33,18.219,-102.756,798,0
2/4/1997 10:37,6.5,10,37.661,57.291,650,0
2/27/1997 21:08,7.1,33,29.976,68.208,776,0
3/11/1997 19:22,6.9,10,7.742,127.647,732,0
4/5/1997 12:23,6.5,69.1,-6.485,147.408,650,0
4/21/1997 12:02,7.7,33,-12.584,166.676,912,0
4/22/1997 9:31,6.7,5,11.112,-60.892,691,0
4/23/1997 19:44,6.5,100.8,13.986,144.901,650,0
5/10/1997 7:57,7.3,10,33.825,59.809,820,0
5/13/1997 14:13,6.5,196,36.411,70.945,650,0
5/21/1997 14:10,6.8,57,-20.438,169.287,711,0
5/22/1997 7:50,6.5,70,18.684,-101.604,650,0
7/6/1997 9:54,6.8,19,-30.058,-71.872,711,0
7/9/1997 19:24,7,19.9,10.598,-63.486,754,0
7/19/1997 14:22,6.9,33,16.333,-98.216,732,0
8/29/1997 8:14,6.6,22.8,-3.562,144.362,670,0
9/2/1997 12:13,6.8,198.7,3.849,-75.749,711,0
10/6/1997 12:30,6.5,105.6,9.79,125.779,650,0
10/14/1997 9:53,7.8,167.3,-22.101,-176.772,936,0
10/15/1997 1:03,7.1,58,-30.933,-71.22,776,0
10/28/1997 6:15,7.2,112,-4.368,-76.681,798,0
11/8/1997 10:02,7.5,33,35.069,87.325,865,0
11/9/1997 22:56,6.5,176.4,13.849,-88.808,650,0
11/15/1997 18:59,7,123.1,-15.145,167.375,754,0
11/18/1997 13:07,6.6,33,37.57,20.656,670,0
11/25/1997 12:14,7,24,1.241,122.536,754,0
12/5/1997 11:26,7.8,33,54.841,162.035,936,0
12/22/1997 2:05,7.2,179.3,-5.495,147.867,798,0
1/10/1998 8:20,6.6,33,14.374,-91.473,670,0
1/12/1998 10:14,6.6,34.8,-30.985,-71.41,670,0
1/12/1998 16:36,6.7,23.4,-15.848,-179.376,691,0
1/30/1998 12:16,7.1,42,-23.913,-70.207,776,0
3/14/1998 19:40,6.6,9,30.154,57.605,670,0
4/1/1998 17:56,7,55.7,-0.544,99.261,754,0
4/3/1998 22:01,6.6,164.6,-8.148,-74.238,670,0
5/3/1998 23:30,7.5,33,22.306,125.308,865,0
5/13/1998 23:02,6.6,61.4,-5.147,151.714,670,0
5/21/1998 5:34,6.7,33,0.207,119.584,691,0
5/22/1998 4:48,6.6,24,-17.731,-65.431,670,0
5/30/1998 6:22,6.6,33,37.106,70.11,670,0
7/16/1998 11:56,7,110.2,-11.04,166.16,754,0
7/17/1998 8:49,7,10,-2.961,141.926,754,0
7/29/1998 18:00,6.7,33,-2.693,138.901,691,0
8/4/1998 18:59,7.2,33,-0.593,-80.393,798,0
9/2/1998 8:37,6.8,50,5.41,126.764,711,0
9/3/1998 17:37,6.6,27,-29.45,-71.715,670,0
9/28/1998 13:34,6.6,151.6,-8.194,112.413,670,0
11/9/1998 5:30,6.7,33,-6.954,129.022,691,0
11/9/1998 5:38,7,33,-6.92,128.946,754,0
11/29/1998 14:10,7.7,33,-2.071,124.891,912,0
12/27/1998 0:38,6.8,144.3,-21.632,-176.376,711,0
1/19/1999 3:35,7,114.1,-4.596,153.235,754,0
1/28/1999 8:10,6.6,67.2,52.886,-169.123,670,0
2/6/1999 21:47,7.3,90.1,-12.853,166.697,820,0
3/4/1999 5:38,6.6,33,28.343,57.193,670,0
3/4/1999 8:52,7.1,33,5.397,121.937,776,0
3/8/1999 12:25,6.9,56.6,52.056,159.52,732,0
3/20/1999 10:47,6.9,33,51.587,-177.668,732,0
3/28/1999 19:05,6.6,15,30.512,79.403,670,0
4/3/1999 6:17,6.8,87.2,-16.66,-72.662,711,0
4/5/1999 11:08,7.4,150,-5.591,149.568,842,0
4/13/1999 10:38,6.8,164.2,-21.422,-176.46,711,0
5/10/1999 20:33,7.1,138,-5.159,150.88,776,0
5/16/1999 0:51,7.1,73.7,-4.751,152.486,776,0
5/17/1999 10:07,6.6,27,-5.165,152.877,670,0
6/15/1999 20:42,7,70,18.386,-97.436,754,0
7/11/1999 14:14,6.7,10,15.782,-88.33,691,0
8/17/1999 0:01,7.6,17,40.748,29.864,889,0
8/20/1999 10:02,6.9,20,9.044,-84.159,732,0
8/22/1999 12:40,6.6,33,-16.117,168.039,670,0
9/20/1999 17:47,7.7,33,23.772,120.982,912,0
9/25/1999 23:52,6.5,17,23.738,121.158,650,0
9/30/1999 16:31,7.5,60.6,16.059,-96.931,865,0
10/16/1999 9:46,7.1,13.73,34.6033,-116.265,1576,0
11/8/1999 16:45,6.5,228.4,36.522,71.24,650,0
11/12/1999 16:57,7.2,10,40.758,31.161,798,0
11/17/1999 3:27,6.9,47.5,-5.978,148.82,732,0
11/19/1999 13:56,7,33,-6.351,148.763,754,0
11/26/1999 13:21,7.5,33,-16.423,168.214,865,0
11/30/1999 4:01,6.6,128.1,-18.901,-69.171,670,0
12/6/1999 23:12,7,43.6,57.3424,-154.347,754,0
12/11/1999 18:03,7.3,33,15.766,119.74,820,0
12/21/1999 14:14,6.5,56,-6.845,105.555,650,0
12/29/1999 13:29,6.9,33,-10.86,165.354,732,0
1/8/2000 16:47,7.2,183.4,-16.925,-174.248,798,0
1/28/2000 14:21,6.8,61.1,43.046,146.837,711,0
2/6/2000 11:33,6.6,33,-5.844,150.876,670,0
3/3/2000 22:22,6.6,10,-6.817,143.807,670,0
5/4/2000 4:21,7.6,26,-1.105,123.573,889,0
5/12/2000 18:43,7.2,225,-23.548,-66.452,798,0
6/4/2000 16:28,7.9,33,-4.721,102.087,960,0
6/4/2000 16:39,6.7,33,-4.646,102.102,691,0
6/7/2000 23:45,6.7,33,-4.612,101.905,691,0
6/17/2000 15:40,6.5,10,63.966,-20.487,650,0
6/18/2000 14:44,7.9,10,-13.802,97.453,960,0
6/21/2000 0:51,6.5,10,63.98,-20.758,650,0
7/11/2000 1:32,6.5,42.9,57.3546,-154.198,650,0
7/16/2000 3:57,6.6,10,-7.747,150.917,670,0
7/30/2000 12:25,6.5,10,33.901,139.376,650,0
8/3/2000 1:09,6.6,33,-12.037,166.448,670,0
8/4/2000 21:13,6.8,10,48.786,142.246,711,0
8/9/2000 11:41,6.5,45.8,18.198,-102.48,650,0
8/28/2000 15:05,6.8,16,-4.11,127.394,711,0
10/2/2000 2:25,6.5,34,-7.977,30.709,650,0
10/4/2000 16:58,7,23,-15.421,166.91,754,0
10/6/2000 4:30,6.7,10,35.456,133.134,691,0
10/25/2000 9:32,6.8,38,-6.549,105.63,711,0
10/29/2000 8:37,7,50,-4.766,153.945,754,0
11/8/2000 6:59,6.5,17,7.042,-77.829,650,0
11/16/2000 4:54,8,33,-3.98,152.169,985,0
11/16/2000 7:42,7.8,30,-5.233,153.102,936,0
11/16/2000 7:45,6.5,33,-4.827,153.226,650,0
11/17/2000 21:01,7.8,33,-5.496,151.781,936,0
11/18/2000 2:05,6.6,33,-5.097,153.181,670,0
11/18/2000 6:54,6.8,33,-5.228,151.771,711,0
11/25/2000 18:09,6.8,50.4,40.245,49.946,711,0
11/25/2000 18:10,6.5,33,40.167,49.954,650,0
12/6/2000 17:11,7,30,39.566,54.799,754,0
12/6/2000 22:57,6.5,31,-4.218,152.725,650,0
1/1/2001 6:57,7.5,33,6.898,126.579,865,0
1/1/2001 8:54,6.8,33,6.631,126.899,711,0
1/9/2001 16:49,7.1,103,-14.928,167.17,776,0
1/10/2001 16:02,6.9,36.4,56.7744,-153.281,745,0
1/13/2001 17:33,7.7,60,13.049,-88.66,912,0
1/16/2001 13:25,6.9,28,-4.022,101.776,732,0
1/26/2001 3:16,7.7,16,23.419,70.232,912,0
2/13/2001 14:22,6.6,10,13.671,-88.938,670,0
2/13/2001 19:28,7.4,36,-4.68,102.562,842,0
2/24/2001 7:23,7.1,35,1.271,126.249,776,0
2/28/2001 18:54,6.8,51.798,47.149,-122.727,1441,0
3/19/2001 5:52,6.5,33,-4.029,128.02,650,0
3/24/2001 6:27,6.8,50,34.083,132.526,711,0
4/19/2001 21:43,6.7,17,-7.41,155.865,691,0
6/23/2001 20:33,8.4,33,-16.265,-73.641,1086,0
6/26/2001 4:18,6.7,24,-17.745,-71.649,691,0
7/5/2001 13:53,6.6,62,-16.086,-73.987,670,0
7/7/2001 9:38,7.6,33,-17.543,-72.077,889,0
7/26/2001 0:21,6.5,10,39.059,24.244,650,0
7/28/2001 7:32,6.6,131.8,58.775,-154.701,754,0
9/11/2001 14:56,6.5,33,-0.578,133.13,650,0
10/12/2001 15:02,7,37,12.686,144.98,754,0
10/19/2001 3:28,7.5,33,-4.102,123.907,865,0
10/31/2001 9:10,7,33,-5.912,150.196,754,0
11/14/2001 9:26,7.8,10,35.946,90.541,936,0
12/2/2001 13:01,6.5,123.8,39.402,141.089,650,0
12/18/2001 4:02,6.8,14,23.954,122.734,711,0
12/23/2001 22:52,6.8,16,-9.613,159.53,711,0
1/2/2002 17:22,7.2,21,-17.6,167.856,798,0
1/3/2002 10:17,6.6,10,-17.664,168.004,670,0
1/10/2002 11:14,6.7,11,-3.212,142.427,691,0
2/3/2002 7:11,6.5,5,38.573,31.271,650,0
2/5/2002 13:27,6.6,39,-5.345,151.248,670,0
3/3/2002 12:08,7.4,225.6,36.502,70.482,842,0
3/5/2002 21:16,7.5,31,6.033,124.249,865,0
3/28/2002 4:56,6.5,125.1,-21.663,-68.329,650,0
3/31/2002 6:52,7.1,32.8,24.279,122.179,776,0
4/18/2002 5:02,6.8,24.9,16.985,-100.865,711,0
4/18/2002 16:08,6.7,62,-27.535,-70.586,691,0
4/26/2002 16:06,7.1,85.7,13.088,144.619,776,0
6/17/2002 21:26,6.7,33,-12.592,166.383,691,0
6/18/2002 13:56,6.6,54,-30.805,-71.124,670,0
6/22/2002 2:58,6.5,10,35.626,49.047,650,0
7/31/2002 0:16,6.5,10,7.929,-82.793,650,0
8/14/2002 13:57,6.5,30,14.101,146.199,650,0
9/8/2002 18:44,7.6,13,-3.302,142.945,889,0
9/13/2002 22:28,6.5,21,13.036,93.068,650,0
10/10/2002 10:50,7.6,10,-1.757,134.297,889,0
10/10/2002 12:28,6.7,10,-1.511,133.973,691,0
10/23/2002 11:27,6.6,4.2,63.5144,-147.912,670,0
11/2/2002 1:26,7.4,30,2.824,96.085,842,0
11/3/2002 22:12,7.9,4.2,63.5141,-147.453,1750,0
12/12/2002 8:30,6.7,34,-4.786,153.275,691,0
1/10/2003 13:11,6.7,71.9,-5.311,153.701,691,0
1/20/2003 8:43,7.3,33,-10.491,160.77,820,0
1/21/2003 2:46,6.5,24,13.626,-90.774,650,0
1/22/2003 2:06,7.6,24,18.77,-104.104,889,0
3/11/2003 7:27,6.8,40.2,-4.694,153.238,711,0
3/25/2003 2:53,6.5,33,-8.294,120.743,650,0
5/21/2003 18:44,6.8,12,36.964,3.634,711,0
5/26/2003 9:24,7,68,38.849,141.568,754,0
5/26/2003 19:23,7,31,2.354,128.855,754,0
6/7/2003 0:32,6.6,33,-5.095,152.502,670,0
6/16/2003 22:08,6.9,174.8,55.492,159.999,732,0
6/20/2003 13:30,6.8,33,-30.608,-71.637,711,0
7/15/2003 18:46,6.5,33,-3.828,152.174,650,0
8/4/2003 4:37,7.6,10,-60.532,-43.411,889,0
8/21/2003 12:12,7.2,28,-45.104,167.144,798,0
9/21/2003 18:16,6.6,10,19.917,95.672,670,0
9/25/2003 19:50,8.16,27,41.815,143.91,1024,0
9/25/2003 21:08,7.4,33,41.774,143.593,842,0
9/27/2003 11:33,7.3,16,50.038,87.813,820,0
9/29/2003 2:36,6.5,25,42.45,144.38,650,0
10/1/2003 1:03,6.7,10,50.211,87.721,691,0
10/8/2003 9:06,6.7,32,42.648,144.57,691,0
10/31/2003 1:06,7,10,37.812,142.619,754,0
11/6/2003 10:38,6.6,113.7,-19.262,168.892,670,0
11/18/2003 17:14,6.5,35,12.025,125.416,650,0
11/25/2003 20:19,6.6,35,-5.581,150.88,670,0
12/10/2003 4:38,6.8,10,23.039,121.362,711,0
12/22/2003 19:15,6.5,8.382,35.7005,-121.101,1390,0
12/25/2003 7:11,6.5,33,8.416,-82.824,650,0
12/26/2003 1:56,6.6,10,28.995,58.311,670,0
12/27/2003 16:00,7.3,10,-22.015,169.766,820,0
1/28/2004 22:15,6.7,17.4,-3.12,127.4,691,0
2/5/2004 21:05,7,16.6,-3.615,135.538,754,0
2/7/2004 2:42,7.3,10,-4.003,135.023,820,0
2/8/2004 8:58,6.7,25.7,-3.665,135.339,691,0
4/5/2004 21:24,6.6,187.1,36.512,71.029,670,0
4/9/2004 15:23,6.5,228.4,-13.174,167.198,650,0
4/23/2004 1:50,6.7,65.8,-9.362,122.839,691,0
5/3/2004 4:36,6.6,21,-37.695,-73.406,670,0
6/10/2004 15:19,6.9,188.6,55.682,160.003,732,0
7/28/2004 3:56,6.5,13.4,-0.443,133.091,650,0
8/28/2004 13:41,6.5,5,-35.173,-70.525,650,0
9/5/2004 10:07,7.2,14,33.07,136.618,798,0
9/5/2004 14:57,7.4,10,33.184,137.071,842,0
9/6/2004 23:29,6.6,10,33.205,137.227,670,0
10/8/2004 8:27,6.8,36,-10.951,162.161,711,0
10/8/2004 14:36,6.5,105,13.925,120.534,665,0
10/9/2004 21:26,7,35,11.422,-86.665,754,0
10/15/2004 4:08,6.7,94,24.53,122.694,705,0
10/23/2004 8:56,6.6,16,37.226,138.779,670,0
11/2/2004 10:02,6.7,10,49.277,-128.772,703,0
11/11/2004 17:34,6.7,10,-11.128,162.208,691,0
11/11/2004 21:26,7.5,10,-8.152,124.868,870,0
11/15/2004 9:06,7.2,15,4.695,-77.508,820,0
11/22/2004 20:26,7.1,10,-46.676,164.721,782,0
11/26/2004 2:25,7.1,10,-3.609,135.404,776,0
11/28/2004 18:32,7,39,43.006,145.119,771,0
12/6/2004 14:15,6.8,35,42.9,145.228,724,0
12/14/2004 23:20,6.8,10,18.958,-81.409,858,0
12/23/2004 14:59,8.1,10,-49.312,161.345,1009,0
12/26/2004 0:58,9.1,30,3.295,95.982,1274,0
12/26/2004 4:21,7.2,39.2,6.91,92.958,802,0
12/26/2004 9:20,6.6,16.1,8.879,92.375,670,0
1/19/2005 6:11,6.6,27.8,34.064,141.491,676,0
2/5/2005 12:23,7.1,525,5.293,123.337,782,0
2/8/2005 14:48,6.7,206.3,-14.252,167.259,691,0
2/15/2005 14:42,6.5,39.7,4.756,126.421,652,0
2/19/2005 0:04,6.5,10,-5.562,122.129,650,0
2/26/2005 12:56,6.8,36,2.908,95.592,711,0
3/2/2005 10:42,7.1,201.7,-6.527,129.933,776,0
3/20/2005 1:53,6.6,10,33.807,130.131,805,0
3/28/2005 16:09,8.6,30,2.085,97.108,1138,0
4/10/2005 10:29,6.7,19,-1.644,99.607,717,0
4/10/2005 11:14,6.5,30,-1.714,99.779,657,0
5/14/2005 5:05,6.7,34,0.587,98.459,731,0
5/19/2005 1:54,6.9,30,1.989,97.041,740,0
6/13/2005 22:44,7.8,115.6,-19.987,-69.197,1020,0
6/15/2005 2:50,7.2,16,41.292,-125.953,1318,0
7/2/2005 2:16,6.6,27,11.245,-86.172,719,0
7/5/2005 1:52,6.7,21,1.819,97.082,693,0
7/24/2005 15:42,7.2,16,7.92,92.19,808,0
8/16/2005 2:46,7.2,36,38.276,142.039,1104,0
9/9/2005 7:26,7.6,90,-4.539,153.474,891,0
9/26/2005 1:55,7.5,115,-5.678,-76.398,1018,0
9/29/2005 15:50,6.6,25,-5.437,151.84,670,0
10/8/2005 3:50,7.6,26,34.539,73.588,1267,0
11/17/2005 19:26,6.8,147,-22.361,-67.895,711,0
11/19/2005 14:10,6.5,21,2.164,96.786,651,0
12/2/2005 13:13,6.5,29,38.089,142.122,683,0
12/5/2005 12:19,6.8,22,-6.224,29.83,744,0
12/12/2005 21:47,6.5,224.6,36.357,71.093,721,0
1/4/2006 8:32,6.6,14,28.164,-112.117,703,0
1/8/2006 11:34,6.7,66,36.311,23.212,934,0
2/22/2006 22:19,7,11,-21.324,33.583,891,0
3/14/2006 6:57,6.7,30.1,-3.595,127.214,691,0
4/7/2006 8:30,6.5,14,-16.527,176.989,654,0
4/20/2006 23:25,7.6,22,60.949,167.089,889,0
4/29/2006 16:58,6.6,11,60.491,167.516,670,0
4/30/2006 19:17,6.7,12,-27.017,-71.022,696,0
4/30/2006 21:40,6.5,12,-27.211,-71.056,653,0
5/3/2006 15:26,8,60.5,-19.99,-173.907,1026,0
5/3/2006 15:26,8,55,-20.187,-174.123,1013,0
5/16/2006 15:28,6.8,12,0.093,97.05,719,0
5/22/2006 11:12,6.6,19,60.772,165.743,670,0
5/28/2006 3:12,6.5,34,-5.724,151.133,650,0
7/17/2006 8:19,7.7,20,-9.284,107.419,947,0
8/7/2006 22:18,6.8,150,-15.798,167.789,713,0
8/24/2006 21:50,6.5,43,51.148,157.522,650,0
9/1/2006 10:18,6.8,38,-6.759,155.512,711,0
9/28/2006 6:22,6.9,28,-16.592,-172.033,737,0
10/15/2006 17:07,6.7,38.182,19.877,-155.935,1481,0
10/17/2006 1:25,6.7,32,-5.881,150.982,692,0
10/20/2006 10:48,6.7,23,-13.457,-76.677,732,0
11/7/2006 17:38,6.6,11,-6.482,151.195,670,0
11/15/2006 11:14,8.3,10,46.592,153.266,1064,0
12/26/2006 12:26,7.1,10,21.799,120.547,1023,0
12/26/2006 12:34,6.9,10,21.974,120.493,798,0
1/13/2007 4:23,8.1,10,46.243,154.524,1034,0
1/21/2007 11:27,7.5,22,1.065,126.282,874,0
2/20/2007 8:04,6.7,12,-1.034,126.976,691,0
3/25/2007 0:40,7.1,34,-20.617,169.357,779,0
3/25/2007 0:41,6.7,8,37.336,136.588,782,0
4/1/2007 20:39,8.1,24,-8.466,157.043,1025,0
4/1/2007 20:47,6.6,10,-7.169,155.777,670,0
4/1/2007 21:11,6.9,10,-7.306,155.741,732,0
6/13/2007 19:29,6.7,23,13.554,-90.618,972,0
7/16/2007 1:13,6.6,12,37.535,138.446,831,0
7/16/2007 14:17,6.8,350.4,36.808,134.85,779,0
7/26/2007 5:40,6.9,25,2.872,127.464,734,0
8/1/2007 17:08,7.2,120,-15.595,167.68,803,0
8/8/2007 17:05,7.5,280,-5.859,107.419,865,0
8/15/2007 23:40,8,39,-13.386,-76.603,1385,0
8/16/2007 8:39,6.5,15,-9.834,159.465,675,0
9/2/2007 1:05,7.2,35,-11.61,165.762,798,0
9/10/2007 1:49,6.8,15,2.966,-77.963,747,0
9/12/2007 11:10,8.4,34,-4.438,101.367,1086,0
9/12/2007 23:49,7.8,40.5,-2.52,100.139,1152,0
9/12/2007 23:49,7.9,35,-2.625,100.841,1133,0
9/13/2007 2:30,6.5,28.9,-1.689,99.668,650,0
9/13/2007 3:35,7,22,-2.13,99.627,768,0
9/20/2007 8:31,6.7,30,-1.999,100.141,696,0
9/26/2007 12:36,6.8,40,-4.99,153.5,713,0
10/15/2007 12:29,6.8,18,-44.796,167.553,744,0
10/24/2007 21:02,6.8,21,-3.899,101.02,713,0
11/14/2007 15:40,7.7,40,-22.247,-69.89,995,0
11/15/2007 15:05,6.8,26,-22.925,-70.237,716,0
11/16/2007 3:13,6.8,122.9,-2.312,-77.838,790,0
11/22/2007 8:48,6.8,53,-5.757,147.098,722,0
11/25/2007 16:02,6.5,20,-8.292,118.37,657,0
11/25/2007 19:53,6.5,18,-8.224,118.467,653,0
11/27/2007 11:49,6.6,16,-10.95,162.149,672,0
11/29/2007 19:00,7.4,156,14.944,-61.274,1542,0
12/16/2007 8:09,6.7,45,-22.954,-70.182,704,0
12/20/2007 7:55,6.6,20,-39.011,178.291,808,0
2/12/2008 12:50,6.5,83,16.357,-94.304,723,0
2/14/2008 10:09,6.9,29,36.501,21.67,941,0
2/14/2008 12:08,6.5,28,36.345,21.863,692,0
2/20/2008 8:08,7.4,26,2.768,95.964,914,0
2/24/2008 14:46,6.5,22,-2.405,99.931,654,0
2/25/2008 8:36,7.2,25,-2.486,99.972,832,0
2/25/2008 18:06,6.6,25,-2.332,99.891,674,0
2/25/2008 21:02,6.7,25,-2.245,99.808,696,0
3/3/2008 14:11,6.9,24,13.351,125.63,740,0
3/20/2008 22:32,7.2,10,35.49,81.467,798,0
4/9/2008 12:46,7.3,33,-20.071,168.892,820,0
5/7/2008 16:45,6.9,27,36.164,141.526,910,0
5/12/2008 6:28,7.9,19,31.002,103.322,1870,0
6/13/2008 23:43,6.9,7.8,39.03,140.881,888,0
6/27/2008 11:40,6.6,17,11.005,91.824,680,0
7/19/2008 2:39,6.9,25.5,37.55,142.714,825,0
7/19/2008 2:39,7,22,37.552,142.214,840,0
7/23/2008 15:26,6.8,108,39.802,141.464,1046,0
8/25/2008 13:21,6.7,12,30.901,83.52,692,0
9/8/2008 18:52,6.9,110,-13.501,166.967,732,0
9/11/2008 0:00,6.6,96,1.885,127.363,670,0
9/11/2008 0:20,6.8,25,41.892,143.754,711,0
10/5/2008 15:52,6.7,27.4,39.533,73.824,691,0
10/16/2008 19:41,6.7,24,14.423,-92.364,731,0
11/16/2008 17:02,7.4,30,1.271,122.091,848,0
1/3/2009 19:43,7.7,17,-0.414,132.885,918,0
1/3/2009 20:23,6.6,204.8,36.419,70.743,765,0
1/3/2009 22:33,7.4,23,-0.691,133.305,846,0
2/11/2009 17:34,7.2,20,3.886,126.387,802,0
3/19/2009 18:17,7.6,31,-23.043,-174.66,916,0
5/28/2009 8:24,7.3,19,16.731,-86.217,1560,0
6/23/2009 14:19,6.7,64,-5.157,153.782,693,0
7/15/2009 9:22,7.8,12,-45.762,166.562,1165,0
8/3/2009 17:59,6.9,10,29.039,-112.903,1202,0
8/9/2009 10:55,7.1,292,33.167,137.944,1005,0
8/10/2009 19:55,7.5,24,14.099,92.902,1248,0
8/12/2009 22:48,6.6,53,32.821,140.395,703,0
8/16/2009 7:38,6.7,20,-1.479,99.49,753,0
9/2/2009 7:55,7,46,-7.782,107.297,1175,0
9/29/2009 17:48,8.1,18,-15.489,-172.095,1055,0
9/30/2009 10:16,7.6,81,-0.72,99.867,1639,0
10/1/2009 1:52,6.6,9,-2.482,101.524,787,0
10/7/2009 22:03,7.7,45,-13.006,166.51,916,0
10/7/2009 22:18,7.8,35,-12.517,166.382,936,0
10/7/2009 23:13,7.4,31.1,-13.093,166.497,842,0
10/8/2009 8:28,6.8,35,-13.298,165.91,711,0
10/24/2009 14:40,6.9,130,-6.133,130.385,972,0
10/30/2009 7:03,6.8,34,29.218,129.782,711,0
11/8/2009 19:41,6.6,18,-8.207,118.631,677,0
11/9/2009 10:44,7.3,595,-17.239,178.331,820,0
11/13/2009 3:05,6.5,27,-19.394,-70.321,698,0
1/3/2010 21:48,6.6,10,-8.726,157.487,672,0
1/3/2010 22:36,7.1,10,-8.783,157.354,780,0
1/5/2010 12:15,6.8,15.4,-9.019,157.551,713,0
1/10/2010 0:27,6.5,28.737,40.652,-124.692,1360,0
1/12/2010 21:53,7,13,18.443,-72.571,1623,0
2/26/2010 20:31,7,25,25.93,128.425,1180,0
2/27/2010 6:34,8.8,22.9,-36.122,-72.898,1991,0
2/27/2010 8:01,7.4,35,-37.773,-75.048,842,0
3/4/2010 14:02,6.5,176,-13.571,167.227,650,0
3/5/2010 11:47,6.6,18,-36.665,-73.374,736,0
3/5/2010 16:07,6.8,26,-3.762,100.991,717,0
3/11/2010 14:39,6.9,11,-34.29,-71.891,1280,0
3/11/2010 14:55,7,18,-34.326,-71.799,874,0
3/14/2010 8:08,6.5,32,37.745,141.59,810,0
3/16/2010 2:21,6.7,18,-36.217,-73.257,856,0
3/30/2010 16:54,6.6,34,13.667,92.831,701,0
4/4/2010 22:40,7.2,9.987,32.2862,-115.295,2910,0
4/6/2010 22:15,7.8,31,2.383,97.048,936,0
4/11/2010 9:40,6.9,21,-10.878,161.116,740,0
4/13/2010 23:49,6.9,17,33.165,96.548,773,0
5/9/2010 5:59,7.2,38,3.748,96.018,918,0
5/27/2010 17:14,7.2,31,-13.698,166.643,804,0
6/12/2010 19:26,7.5,35,7.881,91.936,1144,0
6/16/2010 3:16,7,18,-2.174,136.543,755,0
6/16/2010 3:58,6.6,10.5,-2.329,136.484,670,0
6/26/2010 5:30,6.7,35,-10.627,161.447,696,0
7/14/2010 8:32,6.6,22,-38.067,-73.31,753,0
7/18/2010 13:04,6.9,28,-5.966,150.428,737,0
7/18/2010 13:34,7.3,35,-5.931,150.59,831,0
7/23/2010 22:51,7.6,578,6.497,123.48,902,0
8/4/2010 7:15,6.5,220,-5.486,146.822,659,0
8/4/2010 22:01,7,44,-5.746,150.765,757,0
8/10/2010 5:23,7.3,25,-17.541,168.069,850,0
8/12/2010 11:54,7.1,206.7,-1.266,-77.306,945,0
9/3/2010 16:35,7,12,-43.522,171.83,1245,0
9/29/2010 17:11,7,26,-4.963,133.76,772,0
10/21/2010 17:53,6.7,13,24.696,-109.156,776,0
10/25/2010 14:42,7.8,20.1,-3.487,100.082,946,0
12/2/2010 3:12,6.6,33,-6.001,149.977,670,0
12/20/2010 18:41,6.7,12,28.412,59.18,708,0
12/25/2010 13:16,7.3,16,-19.702,167.947,820,0
1/2/2011 20:20,7.2,24,-38.355,-73.326,1054,0
1/13/2011 16:16,7,9,-20.628,168.471,755,0
1/18/2011 20:23,7.2,68,28.777,63.951,1449,0
2/11/2011 20:05,6.9,26,-36.422,-72.96,988,0
2/14/2011 3:40,6.7,21,-35.38,-72.834,731,0
3/9/2011 2:45,7.3,32,38.435,142.842,972,0
3/11/2011 5:46,9.1,29,38.297,142.373,2184,0
3/11/2011 6:15,7.9,42.6,36.281,141.111,1140,0
3/11/2011 6:25,7.7,18.6,38.058,144.59,931,0
3/11/2011 8:19,6.5,6.8,36.166,141.562,650,0
3/11/2011 11:36,6.6,25.7,39.241,142.463,673,0
3/24/2011 13:55,6.9,8,20.687,99.822,1154,0
4/7/2011 13:11,6.6,166.2,17.208,-94.338,897,0
4/7/2011 14:32,7.1,42,38.276,141.588,1114,0
4/11/2011 8:16,6.6,11,37.001,140.401,822,0
4/23/2011 4:16,6.8,79,-10.375,161.2,719,0
5/10/2011 8:55,6.8,11,-20.244,168.226,734,0
6/22/2011 21:50,6.7,33,39.955,142.205,749,0
7/6/2011 19:03,7.6,17,-29.539,-176.34,893,0
7/31/2011 23:38,6.6,10,-3.518,144.828,674,0
8/20/2011 16:55,7.2,32,-18.365,168.143,813,0
8/20/2011 17:13,6.5,35,-18.308,168.156,650,0
8/20/2011 18:19,7.1,28,-18.311,168.218,787,0
8/24/2011 17:46,7,147,-7.641,-74.525,913,0
9/3/2011 22:55,7,185.1,-20.671,169.716,761,0
9/5/2011 17:55,6.7,91,2.965,97.893,915,0
9/16/2011 19:26,6.7,30,40.273,142.779,712,0
9/18/2011 12:40,6.9,50,27.73,88.155,1562,0
10/14/2011 3:35,6.5,37,-6.57,147.881,655,0
10/23/2011 10:41,7.1,18,38.721,43.508,1096,0
10/28/2011 18:54,6.9,24,-14.438,-75.966,847,0
12/11/2011 1:47,6.5,59,17.986,-99.789,1400,0
12/14/2011 5:04,7.1,135,-7.551,146.809,834,0
12/27/2011 15:21,6.6,15,51.842,95.911,670,0
1/10/2012 18:36,7.2,19,2.433,93.21,838,0
2/2/2012 13:34,7.1,23,-17.827,167.133,793,0
2/6/2012 3:49,6.7,11,9.999,123.206,1551,0
2/26/2012 6:17,6.7,12,51.708,95.991,833,0
3/20/2012 18:02,7.4,20,16.493,-98.231,1752,0
3/21/2012 22:15,6.6,118,-6.242,145.955,709,0
3/25/2012 22:37,7.1,40.7,-35.2,-72.217,1496,0
4/11/2012 8:38,8.6,20,2.327,93.063,2048,0
4/11/2012 10:43,8.2,25.1,0.802,92.463,1213,0
4/11/2012 22:55,6.5,20,18.229,-102.689,1171,0
4/12/2012 7:15,7,13,28.696,-113.104,1000,0
4/17/2012 3:50,6.7,29,-32.625,-71.365,691,0
4/17/2012 7:13,6.8,198,-5.462,147.117,732,0
4/21/2012 1:16,6.7,16,-1.617,134.276,691,0
4/28/2012 10:08,6.6,134.7,-18.685,-174.705,675,0
7/28/2012 20:03,6.5,41,-4.651,153.173,653,0
8/14/2012 2:59,7.7,583.2,49.8,145.064,941,0
8/26/2012 15:05,6.6,91.1,2.19,126.837,678,0
8/27/2012 4:37,7.3,28,12.139,-88.59,994,0
8/31/2012 12:47,7.6,28,10.811,126.638,1115,0
9/5/2012 14:42,7.6,35,10.085,-85.315,1555,0
9/30/2012 16:31,7.3,170,1.929,-76.362,1221,0
10/12/2012 0:31,6.6,13,-4.892,134.03,675,0
10/24/2012 0:45,6.5,17,10.086,-85.298,745,0
10/28/2012 3:04,7.8,14,52.788,-132.101,1726,0
11/7/2012 16:35,7.4,24,13.988,-91.895,1455,0
11/11/2012 1:12,6.8,13.7,23.005,95.885,795,0
11/11/2012 22:14,6.5,20,14.129,-92.164,708,0
12/7/2012 8:18,7.3,31,37.89,143.949,1014,0
12/10/2012 16:53,7.1,155,-6.533,129.825,843,0
12/21/2012 22:28,6.7,200.7,-14.344,167.286,691,0
1/5/2013 8:58,7.5,8.7,55.228,-134.859,1425,0
1/30/2013 20:15,6.8,45,-28.094,-70.653,771,0
2/2/2013 14:17,6.9,107,42.77,143.092,814,0
2/6/2013 1:12,8,24,-10.799,165.114,993,1
2/6/2013 1:23,7.1,10,-11.183,164.882,776,0
2/6/2013 1:54,7,8.8,-10.499,165.588,754,0
2/7/2013 18:59,6.7,11,-10.997,165.655,691,1
2/8/2013 11:12,6.8,12,-10.838,165.969,711,1
2/8/2013 15:26,7.1,21,-10.928,166.018,780,1
2/9/2013 14:16,6.9,145,1.135,-77.393,904,1
2/9/2013 21:02,6.6,18,-10.994,165.741,670,1
2/14/2013 13:13,6.6,11,67.631,142.508,670,1
2/28/2013 14:05,6.9,41,50.954,157.283,736,1
3/1/2013 13:20,6.5,29,50.958,157.408,651,0
3/10/2013 22:51,6.5,28,-6.598,148.174,650,1
4/6/2013 4:42,7,66,-3.517,138.476,755,1
4/14/2013 1:32,6.6,31,-6.475,154.607,670,1
4/16/2013 10:44,7.7,80,28.033,61.996,1421,0
4/16/2013 22:55,6.6,13,-3.214,142.542,672,1
4/19/2013 3:05,7.2,110,46.221,150.788,804,1
4/20/2013 0:02,6.6,14,30.308,102.888,2083,0
4/23/2013 23:14,6.5,10,-3.898,152.127,650,1
5/14/2013 0:32,6.8,602.2,18.728,145.288,711,0
5/23/2013 17:19,7.4,173.7,-23.009,-177.232,842,1
5/24/2013 5:44,8.3,598.1,54.892,153.221,1115,1
5/24/2013 14:56,6.7,624,52.235,151.444,691,1
6/13/2013 16:47,6.7,9,-10.004,107.236,710,0
6/15/2013 17:34,6.5,30,11.763,-86.926,679,1
6/24/2013 22:04,6.6,10,10.701,-42.594,670,1
7/7/2013 18:35,7.3,385.5,-3.917,153.927,820,1
7/7/2013 20:30,6.6,56,-6.029,149.706,674,0
7/15/2013 14:03,7.3,11,-60.857,-25.07,820,1
7/21/2013 5:09,6.5,17,-41.704,174.337,693,1
8/13/2013 15:43,6.7,12,5.7732,-78.1999,715,1
8/16/2013 2:31,6.5,8.2,-41.734,174.152,690,1
8/30/2013 16:25,7,29,51.537,-175.23,758,0
9/1/2013 11:52,6.5,112,-7.44,128.221,668,0
9/4/2013 0:18,6.5,402,29.9377,138.833,739,0
9/4/2013 2:32,6.5,20,51.5573,-174.767,650,1
9/24/2013 11:29,7.7,15,26.951,65.5009,2015,0
9/25/2013 16:42,7.1,40,-15.8385,-74.5112,843,1
9/28/2013 7:34,6.8,12,27.1825,65.5052,1005,0
9/30/2013 5:55,6.5,41.54,-30.9255,-178.323,650,1
10/1/2013 3:38,6.7,573,53.1995,152.786,691,0
10/12/2013 13:11,6.6,40,35.5142,23.2523,691,0
10/15/2013 0:12,7.1,19.04,9.8796,124.117,1092,1
10/16/2013 10:30,6.8,35,-6.4456,154.931,711,1
10/19/2013 17:54,6.6,9.45,26.0913,-110.321,692,1
10/25/2013 17:10,7.1,35,37.1557,144.661,872,1
10/31/2013 23:03,6.6,27,-30.2921,-71.5215,723,1
11/16/2013 3:34,6.9,9.97,-60.2627,-47.0621,732,1
11/17/2013 9:04,7.7,10,-60.2738,-46.4011,912,1
11/23/2013 7:48,6.5,371,-17.1171,-176.545,651,0
1/1/2014 16:03,6.5,187,-13.8633,167.249,650,1
2/2/2014 9:26,6.5,44.26,-32.9076,-177.881,650,1
2/7/2014 8:40,6.5,122,-15.0691,167.372,650,1
2/12/2014 9:19,6.9,10,35.9053,82.5864,733,0
2/18/2014 9:27,6.5,14.83,14.6682,-58.9272,681,1
3/2/2014 20:11,6.5,119,27.4312,127.367,668,1
3/10/2014 5:18,6.8,16.441,40.8287,-125.134,1211,1
3/16/2014 21:16,6.7,20,-19.9807,-70.7022,718,1
4/1/2014 23:46,8.2,25,-19.6097,-70.7691,1332,1
4/1/2014 23:57,6.9,28.42,-19.8927,-70.9455,732,0
4/3/2014 1:58,6.5,24.07,-20.3113,-70.5756,670,0
4/3/2014 2:43,7.7,22.4,-20.5709,-70.4931,1057,1
4/11/2014 7:07,7.1,60.53,-6.5858,155.048,776,1
4/11/2014 8:16,6.5,20,-6.7878,154.95,650,1
4/11/2014 20:29,6.6,135,11.642,-85.8779,677,1
4/12/2014 20:14,7.6,22.56,-11.2701,162.148,889,1
4/13/2014 12:36,7.4,39,-11.4633,162.051,842,1
4/13/2014 13:24,6.6,10,-11.1284,162.052,670,0
4/18/2014 14:27,7.2,24,17.397,-100.972,1017,1
4/19/2014 1:04,6.6,29,-6.6558,155.087,670,1
4/19/2014 13:28,7.5,43.37,-6.7547,155.024,865,1
4/24/2014 3:10,6.5,10,49.6388,-127.732,838,1
5/1/2014 6:36,6.6,106,-21.4542,170.355,670,1
5/13/2014 6:35,6.5,10,7.2096,-82.3045,694,1
5/24/2014 9:25,6.9,6.43,40.2893,25.3889,951,0
6/23/2014 19:19,6.9,20,-29.9772,-177.725,732,1
6/23/2014 19:21,6.5,10,-29.9379,-177.516,650,0
6/23/2014 20:06,6.7,26.59,-29.9414,-177.607,691,0
6/23/2014 20:53,7.9,109,51.8486,178.735,963,1
6/29/2014 7:52,6.9,8,-55.4703,-28.3669,732,1
6/29/2014 17:15,6.7,18,-14.9831,-175.51,691,1
7/4/2014 15:00,6.5,20,-6.2304,152.807,650,1
7/7/2014 11:23,6.9,53,14.724,-92.4614,1079,1
7/11/2014 19:22,6.5,20,37.0052,142.452,706,1
7/21/2014 14:54,6.9,615.42,-19.8015,-178.4,732,1
8/3/2014 0:22,6.9,13,0.8295,146.169,732,1
8/24/2014 23:21,6.8,101,-14.598,-73.5714,741,1
9/17/2014 6:14,6.7,130,13.7641,144.429,724,1
10/14/2014 3:51,7.3,40,12.5262,-88.1225,982,1
11/1/2014 18:57,7.1,434,-19.6903,-177.759,776,1
11/7/2014 3:33,6.6,53.19,-5.9873,148.232,671,1
11/15/2014 2:31,7.1,45,1.8929,126.522,779,1
11/16/2014 22:33,6.7,22,-37.6478,179.662,698,1
11/21/2014 10:10,6.5,35,2.2999,127.056,652,1
11/26/2014 14:33,6.8,39,1.9604,126.575,713,1
12/2/2014 5:11,6.6,614,6.1572,123.126,670,0
12/7/2014 1:22,6.6,23,-6.5108,154.46,670,1
12/8/2014 8:54,6.6,20,7.9401,-82.6865,709,1
1/7/2015 5:07,6.5,8,5.9045,-82.6576,650,1
1/23/2015 3:47,6.8,219.96,-17.0309,168.52,711,1
2/11/2015 18:57,6.7,223,-23.1125,-66.688,700,1
2/16/2015 23:06,6.7,23,39.8558,142.881,714,1
2/27/2015 13:45,7,552.06,-7.2968,122.535,760,0
3/29/2015 23:48,7.5,41,-4.7294,152.562,872,1
3/30/2015 8:48,6.5,11,-15.4994,-173.029,650,1
4/17/2015 15:52,6.5,10,-15.8815,-178.6,650,1
4/25/2015 6:11,7.8,8.22,28.2305,84.7314,2820,0
4/25/2015 6:45,6.6,10,28.2244,84.8216,733,0
4/26/2015 7:09,6.7,22.91,27.7711,86.0173,1016,0
4/30/2015 10:45,6.7,31,-5.375,151.771,692,1
5/1/2015 8:06,6.8,44,-5.2005,151.777,714,1
5/5/2015 1:44,7.5,55,-5.4624,151.875,869,1
5/7/2015 7:10,7.1,10,-7.2175,154.557,776,1
5/12/2015 7:05,7.3,15,27.8087,86.0655,1563,0
5/12/2015 21:12,6.8,35,38.9056,142.032,831,1
5/20/2015 22:48,6.8,11,-10.8759,164.169,711,1
5/22/2015 21:45,6.9,11.19,-11.0559,163.696,732,1
5/22/2015 23:59,6.8,10,-11.1093,163.215,711,1
5/29/2015 7:00,6.8,72.6,56.594,-156.43,762,1
5/30/2015 11:23,7.8,664,27.8386,140.493,1151,1
6/23/2015 12:18,6.5,460,27.7375,139.725,652,0
7/10/2015 4:12,6.7,12,-9.307,158.403,691,1
7/16/2015 15:16,6.5,20,13.8672,-58.5479,686,1
7/18/2015 2:27,7,11,-10.4012,165.141,759,1
7/27/2015 4:49,6.9,29,52.376,-169.446,734,1
7/27/2015 21:41,7,48,-2.6286,138.528,762,1
8/10/2015 4:12,6.6,22,-9.3438,158.053,671,1
8/12/2015 18:49,6.5,6.43,-9.3293,157.877,650,1
9/13/2015 8:14,6.7,10,24.913,-109.623,708,1
9/16/2015 22:54,8.3,22.44,-31.5729,-71.6744,1960,1
9/16/2015 23:18,7,28.41,-31.5622,-71.4262,799,0
9/17/2015 3:55,6.5,27,-31.4244,-71.6876,657,0
9/17/2015 4:10,6.7,23,-31.5173,-71.804,718,0
9/21/2015 17:40,6.6,35,-31.7275,-71.3792,820,1
9/24/2015 15:53,6.6,18,-0.6212,131.262,671,0
10/20/2015 21:52,7.1,135,-14.8595,167.303,780,1
10/26/2015 9:09,7.5,231,36.5244,70.3676,1448,0
11/4/2015 3:44,6.5,20,-8.3381,124.875,657,0
11/7/2015 7:31,6.8,46,-30.8796,-71.4519,841,1
11/8/2015 16:47,6.6,10,6.8431,94.648,675,0
11/11/2015 1:54,6.9,12,-29.5067,-72.0068,761,1
11/11/2015 2:46,6.9,10,-29.5097,-72.0585,744,0
11/13/2015 20:51,6.7,12,31.0009,128.873,702,0
11/17/2015 7:10,6.5,11,38.67,20.6,1018,0
11/18/2015 18:31,6.8,12.59,-8.8994,158.422,715,1
11/24/2015 22:45,7.6,606.21,-10.5372,-70.9437,957,1
11/24/2015 22:50,7.6,620.56,-10.0598,-71.0184,896,0
11/26/2015 5:45,6.7,602.75,-9.1825,-71.2574,691,0
12/7/2015 7:50,7.2,22,38.2107,72.7797,827,0
12/9/2015 10:21,6.9,21,-4.1064,129.508,738,0
12/17/2015 19:49,6.6,85,15.8015,-93.633,765,1
1/3/2016 23:05,6.7,55,24.8036,93.6505,1515,0
1/11/2016 16:38,6.5,13,3.8965,126.862,651,1
1/14/2016 3:25,6.7,46,41.9723,142.781,717,1
1/21/2016 18:06,6.6,10,18.8239,-106.934,673,1
1/24/2016 10:30,7.1,125.6,59.6204,-153.339,1496,1
1/30/2016 3:25,7.2,177,53.9776,158.546,799,1
3/2/2016 12:49,7.8,24,-4.9521,94.3299,948,0
4/3/2016 8:23,6.9,26,-14.3235,166.855,734,1
4/6/2016 6:58,6.7,24,-14.0683,166.624,691,1
4/7/2016 3:32,6.7,27.59,-13.9805,166.594,692,1
4/10/2016 10:28,6.6,212,36.4725,71.1311,738,0
4/13/2016 13:55,6.9,136,23.0944,94.8654,903,0
4/15/2016 16:25,7,10,32.7906,130.754,2074,1
4/16/2016 23:58,7.8,20.59,0.3819,-79.9218,1163,1
4/28/2016 19:33,7,24,-16.0429,167.379,755,1
5/18/2016 7:57,6.7,16,0.4261,-79.7899,744,1
5/18/2016 16:46,6.9,29.95,0.4947,-79.616,780,1
5/28/2016 5:38,6.9,405.69,-21.9724,-178.204,733,1
5/28/2016 9:46,7.2,78,-56.2409,-26.9353,798,1
6/1/2016 22:56,6.6,50,-2.0967,100.665,671,0
7/29/2016 21:18,7.7,196,18.5429,145.507,971,1
8/12/2016 1:26,7.2,16.37,-22.4765,173.117,799,1
8/24/2016 10:34,6.8,82,20.9228,94.569,981,0
8/31/2016 3:11,6.8,476,-3.6849,152.792,713,1
9/1/2016 16:37,7,19,-37.3586,179.146,897,1
9/24/2016 21:28,6.9,596.4,-19.7819,-178.244,733,1
10/17/2016 6:14,6.8,42,-6.0033,148.887,716,1
10/19/2016 0:26,6.6,614,-4.8626,108.163,677,0
10/30/2016 6:40,6.6,8,42.8621,13.0961,2840,0
11/13/2016 11:02,7.8,15.11,-42.7373,173.054,1545,1
11/13/2016 11:32,6.5,10,-42.3205,173.669,656,1
11/14/2016 0:34,6.5,9,-42.6058,173.254,664,1
11/21/2016 20:59,6.9,9,37.3931,141.387,1144,1
11/24/2016 18:43,6.9,10,11.9097,-88.8968,855,1
11/25/2016 14:24,6.6,17,39.2732,73.9776,693,0
12/6/2016 22:03,6.5,13,5.2834,96.1678,731,0
12/8/2016 14:49,6.6,8.45,40.4535,-126.194,1120,1
12/8/2016 17:38,7.8,40,-10.6812,161.327,961,1
12/8/2016 21:56,6.5,12.26,-10.8416,161.314,650,0
12/9/2016 19:10,6.9,19.73,-10.749,161.132,737,1
12/17/2016 10:51,7.9,94.54,-4.5049,153.522,972,1
12/21/2016 0:17,6.7,152,-7.5082,127.921,726,0
12/25/2016 14:22,7.6,38,-43.4064,-73.9413,1152,1
1/3/2017 21:52,6.9,12,-19.3733,176.052,742,1
1/10/2017 6:13,7.3,627.17,4.4782,122.617,849,1
1/19/2017 23:04,6.5,36,-10.3506,161.335,654,1
1/22/2017 4:30,7.9,135,-6.2464,155.172,987,1
2/10/2017 14:03,6.5,15,9.9071,125.452,718,1
2/21/2017 14:09,6.5,595.98,-19.2814,-63.9047,653,0
2/24/2017 17:28,6.9,414.5,-23.2593,-178.804,733,1
3/29/2017 4:09,6.6,17,56.9401,162.786,671,1
4/3/2017 17:40,6.5,29,-22.6784,25.1558,1297,0
4/24/2017 21:38,6.9,28,-33.0375,-72.0617,1642,1
4/28/2017 20:23,6.9,26,5.5043,125.066,814,1
5/9/2017 13:52,6.8,169,-14.5884,167.377,713,1
5/10/2017 23:23,6.5,15,-56.414,-25.7432,650,1
5/29/2017 14:35,6.6,12,-1.2923,120.431,678,0
6/2/2017 22:24,6.8,5,54.0312,170.92,711,1
6/14/2017 7:29,6.9,93,14.9091,-92.0092,1188,1
6/22/2017 12:31,6.8,38.12,13.7174,-90.9718,1034,1
7/6/2017 8:03,6.5,9,11.1269,124.629,740,1
7/11/2017 7:00,6.6,10,-49.4837,164.016,704,1
7/17/2017 23:34,7.7,10,54.4434,168.857,918,1
7/20/2017 22:31,6.6,7,36.9293,27.4139,1064,0
8/8/2017 13:19,6.5,9,33.1926,103.855,707,0
9/8/2017 4:49,8.2,47.39,15.0222,-93.8993,2910,1
9/19/2017 18:14,7.1,48,18.5499,-98.4887,1686,0
10/8/2017 22:34,6.5,119,52.3909,176.769,651,1
10/24/2017 10:47,6.7,553.81,-7.2168,123.074,694,0
10/31/2017 0:42,6.7,24,-21.6971,169.148,691,1
11/1/2017 2:23,6.6,22,-21.6484,168.859,674,1
11/4/2017 9:00,6.8,10,-15.3197,-173.168,727,1
11/7/2017 21:26,6.5,110.57,-4.2433,143.485,661,1
11/12/2017 18:18,7.3,19,34.9109,45.9592,2790,0
11/13/2017 2:28,6.5,19.36,9.5147,-84.4865,1153,1
11/19/2017 15:09,6.6,13,-21.5027,168.598,676,1
11/19/2017 22:43,7,10,-21.3246,168.671,771,1
12/13/2017 18:03,6.5,17,-54.2189,2.1628,651,1
12/15/2017 16:47,6.5,90,-7.4921,108.174,998,0
1/10/2018 2:51,7.5,19,17.4825,-83.52,1623,1
1/14/2018 9:18,7.1,39,-15.7675,-74.7092,1075,1
1/23/2018 9:31,7.9,14.06,56.0039,-149.166,1870,1
2/16/2018 23:39,7.2,22,16.3855,-97.9787,1384,1
2/25/2018 17:44,7.5,25.21,-6.0699,142.754,943,1
3/6/2018 14:13,6.7,20.49,-6.3043,142.612,697,1
3/8/2018 17:39,6.8,22.86,-4.3762,153.2,719,1
3/26/2018 9:51,6.7,40,-5.5024,151.402,696,1
3/29/2018 21:25,6.9,35,-5.5321,151.5,741,1
4/2/2018 13:40,6.8,559,-20.6588,-63.0058,733,0
5/4/2018 22:32,6.9,5.81,19.3182,-155,1392,1
8/5/2018 11:46,6.9,34,-8.2581,116.438,1704,0
8/15/2018 21:56,6.5,33.93,51.4234,-178.026,655,1
8/17/2018 15:35,6.5,529,-7.3718,119.802,743,0
8/19/2018 0:19,8.2,600,-18.1125,-178.153,1050,1
8/19/2018 14:56,6.9,21,-8.319,116.627,1206,0
8/21/2018 21:31,7.3,146.82,10.7731,-62.9019,1570,1
8/21/2018 22:32,6.5,9,-16.0315,168.143,652,1
8/24/2018 9:04,7.1,630,-11.0355,-70.8284,776,0
8/29/2018 3:51,7.1,21.43,-22.0295,170.126,776,1
9/5/2018 18:07,6.6,35,42.6861,141.929,1075,1
9/6/2018 15:49,7.9,670.81,-18.4743,179.35,979,1
9/9/2018 19:31,6.5,68,-10.0207,161.503,651,1
9/10/2018 4:19,6.9,115,-31.7447,-179.373,735,0
9/16/2018 21:11,6.5,576,-25.415,178.199,651,0
9/28/2018 10:02,7.5,20,-0.2559,119.846,2026,0
9/30/2018 10:52,6.7,550,-18.3604,-178.063,691,1
10/10/2018 20:48,7,39,-5.7012,151.205,758,1
10/10/2018 23:16,6.5,20,49.2902,156.297,650,1
10/13/2018 11:10,6.7,461,52.8549,153.243,691,1
10/16/2018 1:03,6.5,17,-21.7427,169.522,650,1
10/22/2018 5:39,6.5,10,49.2586,-129.412,669,1
10/22/2018 6:16,6.8,10,49.3346,-129.289,776,1
10/22/2018 6:22,6.5,10,49.297,-129.724,655,0
10/25/2018 22:54,6.8,14,37.5203,20.5565,954,0
11/9/2018 1:49,6.7,10,71.6312,-11.2431,693,1
11/18/2018 20:25,6.8,540,-17.8735,-178.927,711,1
11/30/2018 17:29,7.1,46.7,61.3464,-149.955,1790,1
12/5/2018 4:18,7.5,10,-21.9496,169.427,871,1
12/5/2018 6:43,6.6,10,-22.0629,169.733,670,1
12/11/2018 2:26,7.1,133,-58.5446,-26.3856,776,1
12/20/2018 17:01,7.3,16.56,55.0999,164.699,822,1
12/29/2018 3:39,7,60.21,5.8983,126.921,803,1
1/5/2019 19:25,6.8,570.41,-8.144,-71.587,715,0
1/6/2019 17:27,6.6,43.21,2.258,126.758,672,1
1/15/2019 18:06,6.6,35,-13.336,166.875,671,1
1/20/2019 1:32,6.7,63,-30.0404,-71.3815,1600,1
1/22/2019 19:01,6.7,13,-43.1219,42.3568,691,0
2/1/2019 16:14,6.7,66,14.6802,-92.4527,909,1
2/22/2019 10:17,7.5,145,-2.1862,-77.0505,1145,1
3/1/2019 8:50,7,267,-14.7131,-70.1546,869,1
4/9/2019 17:53,6.5,38,-58.6262,-25.304,650,1
4/12/2019 11:40,6.8,15.46,-1.8146,122.58,717,1
5/6/2019 21:19,7.1,146,-6.9746,146.449,826,1
5/14/2019 12:58,7.6,10,-4.051,152.597,929,1
5/26/2019 7:41,8,122.57,-5.8119,-75.2697,1890,1
5/30/2019 9:03,6.6,57.92,13.1994,-89.3056,886,1
6/15/2019 22:55,7.3,46,-30.6441,-178.1,830,1
6/24/2019 2:53,7.3,212,-6.4078,129.169,952,1
7/6/2019 3:19,7.1,8,35.7695,-117.599,1646,0
7/7/2019 15:08,6.9,35,0.5126,126.189,747,0
7/14/2019 5:39,6.6,10,-18.2242,120.358,791,0
7/14/2019 9:10,7.2,18.98,-0.5858,128.034,809,1
7/31/2019 15:02,6.6,181,-16.1985,167.998,670,1
8/1/2019 18:28,6.8,25,-34.2364,-72.3102,947,1
8/2/2019 12:03,6.9,49,-7.2822,104.791,875,0
8/27/2019 23:55,6.6,16,-60.2152,-26.5801,670,1
9/1/2019 15:54,6.6,591,-20.3641,-178.57,671,1
9/25/2019 23:46,6.5,12.26,-3.4528,128.37,656,1
9/29/2019 15:57,6.7,11,-35.4758,-73.163,844,1
10/29/2019 1:04,6.6,15,6.7567,125.008,780,1
10/31/2019 1:11,6.5,10,6.9098,125.178,733,1
11/4/2019 22:43,6.6,10,-18.5747,-175.272,673,1
11/8/2019 10:44,6.5,577,-21.9449,-179.511,650,0
11/14/2019 16:17,7.1,33,1.6213,126.416,799,1
12/15/2019 6:11,6.8,18,6.6969,125.174,825,1
1/24/2020 17:55,6.7,10,38.4312,39.0609,1247,0
1/28/2020 19:10,7.7,14.86,19.4193,-78.756,1812,1
2/13/2020 10:33,7,143,45.6161,148.959,770,1
3/25/2020 2:49,7.5,57.8,48.9638,157.695,879,1
3/31/2020 23:52,6.5,12.06,44.4646,-115.118,1410,0
5/2/2020 12:51,6.5,10,34.1818,25.7101,678,0
5/6/2020 13:53,6.8,96,-6.7762,129.785,738,0
5/12/2020 22:41,6.6,107,-12.0662,166.648,671,1
5/15/2020 11:03,6.5,2.7,38.1689,-117.85,1320,0
6/3/2020 7:35,6.8,112,-23.2966,-68.4204,835,1
6/13/2020 15:51,6.6,165,28.9386,128.262,734,1
6/18/2020 12:49,7.4,10,-33.2938,-177.838,873,1
6/23/2020 15:29,7.4,20,15.9163,-95.9533,1494,1
7/6/2020 22:54,6.6,533.76,-5.6368,110.678,684,0
7/17/2020 2:50,7,73,-7.847,147.755,820,1
7/22/2020 6:12,7.8,28,55.1079,-158.477,1111,1
8/18/2020 0:03,6.6,10,12.0065,124.13,784,1
8/18/2020 22:23,6.8,22,-4.3724,101.095,716,0
8/18/2020 22:29,6.9,26,-4.2791,101.215,735,0
8/21/2020 4:09,6.9,624,-6.6704,123.493,749,0
8/30/2020 21:20,6.5,10,0.8696,-29.7046,651,0
9/1/2020 4:09,6.8,21,-28.013,-71.1958,824,1
9/1/2020 21:09,6.5,16,-27.9285,-71.3937,674,0
9/18/2020 21:43,6.9,10,0.9604,-26.8332,732,1
10/19/2020 20:54,7.6,28.37,54.662,-159.675,1165,1
10/30/2020 11:51,7,21,37.8973,26.7953,1527,0
12/27/2020 21:39,6.7,10,-39.3264,-74.9067,776,1
1/11/2021 21:32,6.7,10,51.2407,100.443,776,0
1/21/2021 12:23,7,80,5.0074,127.517,802,1
1/23/2021 23:36,6.9,15,-61.8484,-55.559,739,1
2/10/2021 13:19,7.7,10,-23.2787,171.489,918,1
2/13/2021 14:07,7.1,43.98,37.6856,141.992,1612,1
3/4/2021 13:27,7.3,10,-37.596,179.544,932,1
3/4/2021 17:41,7.4,43,-29.6131,-177.842,843,1
3/4/2021 19:28,8.1,28.93,-29.7466,-177.224,1021,1
3/4/2021 23:12,6.5,24,-28.4792,-176.619,650,0
3/16/2021 18:38,6.6,13.23,54.7018,163.208,672,1
3/20/2021 9:09,7,43,38.4752,141.607,1052,1
4/24/2021 0:23,6.5,301,-18.9204,-176.235,652,0
4/25/2021 22:28,6.5,246,-21.6857,-177.064,651,0
5/1/2021 1:27,6.9,43,38.2296,141.665,919,1
5/12/2021 14:05,6.7,10,-17.2495,66.3745,694,0
5/14/2021 6:33,6.7,11,0.1684,96.6475,698,0
5/21/2021 18:04,7.3,10,34.5861,98.2551,1025,0
5/21/2021 22:13,6.5,10,-16.4796,-177.356,652,1
6/20/2021 17:05,6.5,25,-30.2144,-177.773,650,1
7/21/2021 21:15,6.7,10,7.5904,-82.8813,830,1
7/23/2021 20:48,6.7,110,13.6989,120.713,935,1
7/29/2021 6:15,8.2,35,55.3154,-157.829,1252,1
7/29/2021 6:15,8.2,46.66,55.4742,-157.917,1237,1
8/11/2021 17:46,7.1,55.14,6.4547,126.742,846,1
8/12/2021 18:32,7.5,47.23,-57.5959,-25.1874,868,1
8/12/2021 18:35,8.1,22.79,-58.4157,-25.3206,1009,0
8/14/2021 11:57,6.9,33.3,55.2364,-157.707,738,1
8/14/2021 11:57,6.9,20.74,55.2657,-157.68,738,1
8/14/2021 12:29,7.2,10,18.3521,-73.4804,2331,1
8/16/2021 11:10,6.9,16.7,-58.3814,-23.3318,734,1
8/18/2021 10:10,6.9,93,-14.892,167.085,741,1
8/22/2021 0:45,6.6,7,-60.1023,-24.4608,670,1
8/22/2021 21:33,7.1,6,-60.3026,-24.9992,776,1
9/8/2021 1:47,7,20,16.9502,-99.7877,2504,1
9/22/2021 9:57,6.5,21,12.1598,-87.8542,684,1
10/2/2021 6:29,7.3,527,-21.1036,174.895,826,1
10/9/2021 10:58,6.9,535,-21.1704,174.54,740,1
10/11/2021 9:10,6.9,51.6,56.2581,-156.492,995,1
11/10/2021 15:45,6.6,12,23.5414,126.48,688,1
11/28/2021 10:52,7.5,126,-4.4898,-76.8461,1094,1
12/14/2021 3:20,7.3,14.27,-7.6033,122.2,854,1
12/29/2021 18:25,7.3,165.49,-7.5924,127.581,921,0
1/7/2022 17:45,6.6,13,37.8167,101.299,1012,0
1/11/2022 1:07,6.6,21,35.1456,31.9095,976,0
1/11/2022 11:35,6.8,20,52.6563,-167.917,730,1
1/11/2022 11:35,6.7,33,52.48,-167.736,691,1
1/11/2022 11:35,6.7,33,52.48,-167.736,691,1
1/11/2022 12:39,6.6,19,52.6252,-168.15,674,1
1/11/2022 12:39,6.5,37,52.502,-168.08,650,1
1/11/2022 12:39,6.5,37,52.502,-168.08,650,1
1/14/2022 9:05,6.6,33,-6.9291,105.251,785,0
1/29/2022 2:46,6.5,8,-29.535,-176.729,651,1
2/3/2022 15:58,6.5,110,-4.455,-76.9395,690,0
2/16/2022 20:21,6.8,535,-23.7852,-179.968,712,1
3/2/2022 12:52,6.6,24,-30.0528,-177.74,670,1
3/13/2022 21:09,6.7,28,-0.6831,98.6034,708,0
3/16/2022 14:36,7.3,41,37.7015,141.587,2397,1
3/22/2022 17:41,6.7,24,23.3421,121.636,806,1
3/30/2022 20:56,6.9,10,-22.72,170.277,738,1
3/31/2022 5:44,7,10,-22.5732,170.349,763,1
4/21/2022 7:42,6.6,27,11.5538,-86.9919,762,1
5/10/2022 23:06,6.8,220,-23.6141,-66.7236,762,1
5/19/2022 10:13,6.9,10,-54.1325,159.027,733,1
5/26/2022 12:02,7.2,236,-14.8628,-70.3081,876,1
6/8/2022 0:55,6.5,622.73,-9.0618,-71.1647,653,0
7/27/2022 0:43,7,33.729,17.5978,120.809,1351,1
8/14/2022 13:44,6.6,30,-32.6922,-178.959,672,1
9/5/2022 4:52,6.6,12,29.7263,102.279,1043,0
9/10/2022 23:47,7.6,116,-6.2237,146.471,965,1
9/14/2022 11:04,7,137,-21.2077,170.239,761,1
9/17/2022 13:41,6.5,10,23.029,121.348,756,1
9/18/2022 6:44,6.9,10,23.1444,121.307,887,1
9/19/2022 18:05,7.6,26.943,18.3667,-103.252,1799,1
9/22/2022 6:16,6.8,20,18.33,-102.913,1179,1
10/20/2022 11:57,6.7,20,7.6712,-82.3396,797,1
11/9/2022 9:38,6.8,630.379,-25.9678,178.363,711,1
11/9/2022 9:51,7,660,-26.0442,178.381,755,1
11/9/2022 10:14,6.6,624.464,-25.5948,178.278,670,1
11/11/2022 10:48,7.3,37,-19.2918,-172.129,833,1
11/12/2022 7:09,7,579,-20.0508,-178.346,755,1
11/18/2022 13:37,6.9,25,-4.9559,100.738,735,0
11/22/2022 2:03,7,14,-9.7963,159.596,768,1
12/4/2022 19:24,6.8,38,-15.3983,-172.968,720,1
1/8/2023 12:32,7,29,-14.9383,166.878,768,1
1/9/2023 17:47,7.6,105.249,-7.0852,130.039,957,0
1/18/2023 6:06,7,28.566,2.7401,127.051,756,1
1/20/2023 22:09,6.8,610.671,-26.7209,-63.0394,718,0
2/6/2023 1:17,7.8,17.925,37.2012,36.9997,2910,0
2/6/2023 1:28,6.7,14.497,37.4135,36.8306,800,0
2/6/2023 10:24,7.5,10,38.0235,37.203,1411,0
2/23/2023 0:37,6.8,20.522,38.0726,73.2077,737,0
3/1/2023 5:36,6.5,598.925,-4.8138,149.487,652,1
3/2/2023 18:04,6.5,10,-15.3597,166.385,653,1
3/4/2023 6:41,6.9,205.681,-29.4748,-178.787,735,1
3/16/2023 0:56,7,22.065,-30.1147,-176.112,756,1
3/18/2023 17:12,6.8,65.842,-2.851,-79.8001,1159,1
3/21/2023 16:47,6.5,187.589,36.5227,70.9787,1350,0
3/22/2023 16:00,6.5,209.976,-23.4797,-66.5108,656,0
4/2/2023 18:04,7,62.603,-4.2924,143.155,781,1
4/3/2023 3:06,6.5,105.631,52.7772,158.484,655,1
4/14/2023 9:55,7,594.028,-6.0255,112.033,818,0
4/18/2023 4:31,6.7,595.854,-22.2844,179.391,691,1
4/24/2023 0:41,7.1,43.063,-30.0249,-177.897,777,1
4/24/2023 20:00,7.1,15.462,-0.781,98.5339,838,0
4/28/2023 3:13,6.6,598.467,-25.2657,178.424,670,0
5/10/2023 16:02,7.6,210.097,-15.6002,-174.608,907,1
5/19/2023 2:57,7.7,18.027,-23.2286,170.694,927,1
5/20/2023 1:51,7.1,35.981,-23.0622,170.456,777,1
5/25/2023 3:05,6.6,10,8.8894,-77.1231,733,1
6/15/2023 18:06,7.2,167.404,-22.9824,-177.208,804,1
7/2/2023 10:27,6.9,229,-17.853,-174.937,741,1
7/10/2023 20:28,6.6,10,20.0196,-61.0955,802,1
7/16/2023 6:48,7.3,21,54.49,-160.796,820,1
7/16/2023 6:48,7.2,32.571,54.3844,-160.699,860,1
7/17/2023 3:05,6.6,171.371,-38.1911,-70.3731,899,0
7/19/2023 0:22,6.5,69.727,12.814,-88.1265,775,0
8/16/2023 12:47,6.5,192.955,-13.8814,167.158,657,0
